"/us/gift/img/item/_1130914.jpg","Using Czech Republic traditional way, made of wool felt. Hand-made style and warm.","Wool Felt Animal Donkey  Made in Czech Republic","http://www.muji.us/store/animal-donkey-ecru.html","12.95"
"","","Wool Felt Animal Sheep  Made in Czech Republic   ","http://www.muji.us/store/animal-sheep-ecru.html","6.95"
"/us/gift/img/item/140818_016.jpg","Enjoy making many patterns with this stamp. Comes with two colored ink pads.","Stamp Set","http://www.muji.us/store/catalogsearch/result/?q=STAMP+SET",""
"/us/gift/img/item/4547315823963.jpg","Made of extra fabric in the factory.","Stuffed Toy Pig","http://www.muji.us/store/gift-art-and-craft/stuffed-toy-pig.html","38.00"
"/us/gift/img/item/4547315823956.jpg","Made of extra fabric in the factory.","Studded Toy Bulldog","http://www.muji.us/store/gift-art-and-craft/stuffed-toy-bulldog.html","38.00"
"/us/gift/img/item/4547315823949.jpg","Made of extra fabric in the factory.","Studded Toy Rabbit","http://www.muji.us/store/gift-art-and-craft/stuffed-toy-rabbit.html","30.00"
"/us/gift/img/item/4547315823932.jpg","Made of extra fabric in the factory.","Studded Toy Monkey","http://www.muji.us/store/gift-art-and-craft/stuffed-toy-monkey.html","30.00"
"/us/gift/img/item/4547315823246_4547315823260.jpg","Made of acrylic","Acrylic Tree Large Red","http://www.muji.us/store/acrylic-tree-large-red.html","24.50"
"","","Acrylic Tree Small Red","http://www.muji.us/store/acrylic-tree-small-red.html","19.50"
"/us/gift/img/item/4547315823239_4547315823253.jpg","Made of acrylic","Acrylic Tree Large White","http://www.muji.us/store/acrylic-tree-large-white.html","24.50"
"","","Acrylic Tree Small White","http://www.muji.us/store/acrylic-tree-small-white.html","19.50"
"/us/gift/img/item/4934761512570.jpg","Box of 12 Colored Pencils Made of Cedar, these pencils are non-toxic and suitable for children","12 Colored Pencils  12 Colored Pencils","http://www.muji.us/store/12-colored-pencils.html","12.95"
"/us/gift/img/item/4547315355464.jpg","The Set includes 36 vibrantly-colored pencils in a handy recycled CardBoard storage tube. Made of Cedar.","36 Colored Pencils in Tube  Size : (tube) 7.75 x 2.5","http://www.muji.us/store/36-colored-pencils-in-tube.html","9.95"
"/us/gift/img/item/4547315355471.jpg","The Set includes 36 vibrantly-coloRed pencils in a handy recycled Cardboard storage tube. Made of Cedar.","36 ColoRed Pencils in Tube - Mini  Size : (tube) 4.0 x 2.5","http://www.muji.us/store/36-colored-pencils-in-tube-mini.html","59.00"
"/us/gift/img/item/4934761763583.jpg","Press out Car Build your own car from using 30% recycled Paper, simply pop out the pieces and create your 3D model.","3D Puzzle Car  Suitable for ages 3+.","http://www.muji.us/store/3d-puzzle-car.html","89,00"
"/us/gift/img/item/4934761763514.jpg","Press out Penguin Family Build your own penguin family from using 30% recycled Paper, simply pop out the pieces and create your 3D model.","3D Puzzle Penguin Family  Suitable for ages 3+.","http://www.muji.us/store/3d-puzzle-penguin-family.html","12.50"
"/us/gift/img/item/4934761763590.jpg","Press out  Train Build your own train from using 30% recycled Paper, simply pop out the pieces and create your 3D model.","3D Puzzle Train  Suitable for ages 6+.","http://www.muji.us/store/3d-puzzle-train.html","12.95"
"/us/gift/img/item/4547315823352.jpg","Press out 3D puzzles. Simply pop out the pieces, follow the number, and build your 3D model.","3D Puzzles Dinosaurs  Suitable for ages 6+. Entry level.","http://www.muji.us/store/3d-puzzles-dinosaur.html","12.95"
"/us/gift/img/item/4547315823413.jpg","Press out 3D puzzles. Simply pop out the pieces, follow the number, and build your 3D model.","3D Puzzles Fairytale Castle  Suitable for ages 6+.","http://www.muji.us/store/3d-puzzles-fairytale-castle.html","12.95"
"/us/gift/img/item/4547315823406.jpg","Press out 3D puzzles. Simply pop out the pieces, follow the number, and build your 3D model.","3D Puzzles Japanese Castle  Suitable for ages 6+.","http://www.muji.us/store/3d-puzzles-japanese-castle.html","12.95"
"/us/gift/img/item/4547315823390.jpg","Press out 3D puzzles. Simply pop out the pieces, follow the number, and build your 3D model.","3D Puzzles Knight Armor  Suitable for ages 6+.","http://www.muji.us/store/3d-puzzles-knight-armor.html","12.95"
"/us/gift/img/item/4547315823444.jpg","Press out 3D puzzles. Simply pop out the pieces, follow the number, and build your 3D model.","3D Puzzles Mammoth  Suitable for ages 6+.  ","http://www.muji.us/store/3d-puzzles-mammoth.html","12.95"
"/us/gift/img/item/4547315823420.jpg","Press out 3D puzzles. Simply pop out the pieces, follow the number, and build your 3D model.","3D Puzzles Orangutan  Suitable for ages 6+.  ","http://www.muji.us/store/3d-puzzles-orangutan.html","12.95"
"/us/gift/img/item/4547315823437.jpg","Press out 3D puzzles. Simply pop out the pieces, follow the number, and build your 3D model.","3D Puzzles Owl  Suitable for ages 6+.  ","http://www.muji.us/store/3d-puzzles-owl.html","18.95"
"/us/gift/img/item/4547315823376.jpg","Press out 3D puzzles. Simply pop out the pieces, follow the number, and build your 3D model.","3D Puzzles Samurai Armor  Suitable for ages 6+.  ","http://www.muji.us/store/3d-puzzles-samurai-armor.html","52.50"
"/us/gift/img/item/4547315823369.jpg","Press out 3D puzzles. Simply pop out the pieces, follow the number, and build your 3D model.","3D Puzzles Ship  Suitable for ages 6+.  ","http://www.muji.us/store/3d-puzzles-ship.html","12.95"
"/us/gift/img/item/4547315355488.jpg","The Set includes 60 vibrantly-coloRed pencils in a handy recycled Cardboard storage tube. Made of Cedar.","60 ColoRed Pencils in Tube  Size : (tube) 7.75 x 2.5","http://www.muji.us/store/60-colored-pencils-in-tube.html","12.95"
"/us/gift/img/item/4547315823246.jpg","Made of acrylic","Acrylic Tree Large Red  red, large  ","http://www.muji.us/store/acrylic-tree-large-red.html","12.95"
"/us/gift/img/item/4547315823239.jpg","Made of acrylic","Acrylic Tree Large White  white, large  ","http://www.muji.us/store/acrylic-tree-large-white.html","12.95"
"/us/gift/img/item/4547315823260.jpg","Made of acrylic","Acrylic Tree Small Red  red, small  ","http://www.muji.us/store/acrylic-tree-small-red.html","6.95"
"/us/gift/img/item/4547315823253.jpg","Made of acrylic","Acrylic Tree Small White  white, small  ","http://www.muji.us/store/acrylic-tree-small-white.html","6.95"
"/us/gift/img/item/file_1_5.jpg","Lightweight, collapsible speakers are portable and can be folded away and placed in the included pouch when not in use. Plug them into your personal stereo's headphone jack to enjoy quality sound. Made of cardboard and electronic components.","Cardboard Speaker - Kraft  Size : 3.1 x 3.3 x 3.1  Maximum input power 2W","http://www.muji.us/store/cardboard-speaker-kraft.html","6.95"
"/us/gift/img/item/4548076595465.jpg","City Landscape Memo Block","City Landscape Memo Block  Desktop memo block with easy tear-away pages. Size: 8 x 8 x 8.5cm (3.2 x 3.2 x 3.4)","http://www.muji.us/store/city-landscape-memo-block.html","6.95"
"/us/gift/img/item/4548076677154.jpg","Ornament of iconic landmarks of the world. ","Felt Ornament Set  Set of 6 ornaments.  WARNING: Choking Hazard : Âsmall parts. Not for Children under 3 years.","http://www.muji.us/store/felt-ornament-set.html","8.95"
"/us/gift/img/item/4548076677239_07.jpg","Perfect interactive book for parents and children to share. Have a fun learning experience as you fold-and-unfold the pages to put the illustrations in motion. The illustrations can be used for a visual training exercise to show how things work in daily life.","Fold and Unfold Illustrated Book  4.1 x 4.1"  WARNING: CHOKING HAZARD - Product contains small parts. Not for children under 3 years old.","http://www.muji.us/store/fold-and-unfold-illustrated-book.html","6.95"
"/us/gift/img/item/4548718427246.jpg","Create funny faces with this sticker book, full of blank faces, and stickers of eyes, noses and lips, let your imagination go wild. Enjoy making your own funny face.","Handcraft Face Note - 1  48 pages with 6 sheets of stickers  WARNING: CHOKING HAZARD - Product contains small parts. Not for children under 3 years old. ","http://www.muji.us/store/handcraft-face-note-1.html","12.95"
"/us/gift/img/item/4934761011905.jpg","Create funny faces with this sticker book, full of blank faces, and stickers of eyes, noses and lips, let your imagination go wild. Enjoy making your own funny face.","Handcraft Face Note - 2  48 pages with 6 sheets of stickers  WARNING: CHOKING HAZARD - Product contains small parts. Not for children under 3 years old. ","http://www.muji.us/store/handcraft-face-note-2.html","12.95"
"/us/gift/img/item/4548076941323.jpg","Japanese Board Game - Road Race","Japanese Board Game - Road Race  Comes with 36pcs of Card, 2pcs of Cars, and one dice  WARNING: CHOKING HAZARD - small parts. Not for Children under 3 years.","http://www.muji.us/store/japanese-board-game-road-race.html","12.95"
"/us/gift/img/item/4548718829729.jpg","Can be used for Gift","Kraft Bag - L  32 x 42 x 11.5cm  ","http://www.muji.us/store/kraft-bag-l.html","6.95"
"/us/gift/img/item/4548718829736.jpg","Can be used for Gift","Kraft Bag - M  22 x 26 x 12 cm  ","http://www.muji.us/store/kraft-bag-m.html","8.95"
"/us/gift/img/item/4548718829712.jpg","Can be used for Gift","Kraft Bag - S  16 x 21 x 6cm  ","http://www.muji.us/store/kraft-bag-s.html","6.95"
"/us/gift/img/item/4934761133997.jpg","This scrap book is not only for taking notes, but also a great schetch book.","Kraft Scrap Book  A4 size approx 297 x 210 mm 20 sheets","http://www.muji.us/store/kraft-scrap-book.html","6.95"
"/us/gift/img/item/4548076595366.jpg","Kraft Stickers - Socks, Tree, Snowman","Kraft Stickers - Socks, Tree, Snowman  100 sheets/each","http://www.muji.us/store/kraft-stickers-socks-tree-snowman.html","6.95"
"/us/gift/img/item/4547315823710.jpg","Magnet Holder","Magnet Holder Tree Dia.5 x H9cm  come with a small box with paper clips","http://www.muji.us/store/magnet-holder-tree-dia-5-x-h9cm.html","24.95"
"/us/gift/img/item/4547315453153.jpg","Large - 5-7/8 x 5-7/8","Origami Folding Paper  27 Colors 80 sheets","http://www.muji.us/store/origami-folding-paper.html","6.95"
"/us/gift/img/item/4548718715671.jpg","Comes in a set of ten penguin skittles and a wooden ball in a drawstring bag.","Penguin Skittles    WARNING: CHOKING HAZARD - small parts. Not for Children under 3 years.","http://www.muji.us/store/penguin-skittles-2.html","6.95"
"/us/gift/img/item/4548076390992.jpg","Make your own design and message on Puzzle","Puzzle 16 pcs  6.3 x 6.3  ","http://www.muji.us/store/puzzle-16-pcs.html","6.95"
"/us/gift/img/item/4548076391005.jpg","Make your own design and message on Puzzle","Puzzle 25 pcs  11.4 x 11.4  ","http://www.muji.us/store/puzzle-25-pcs.html","6.95"
"/us/gift/img/item/4548718763344.jpg","20 Sheets","Recycled Paper Craft Sketch Book - F1  6.5 x 9.0(162 x 225mm)","http://www.muji.us/store/recycled-paper-craft-sketch-book-f1.html","12.95"
"/us/gift/img/item/4548718763351.jpg","Made of Recycled Paper","Recycled Paper Craft Sketch Book - F4  Size: 33 x 24 cm (13.2 x 9.6)","http://www.muji.us/store/sketch-book-f4.html","9.95"
"/us/gift/img/item/4548718763368.jpg","20 Sheets","Recycled Paper Craft Sketch Book Postcard Size  Post card size  ","http://www.muji.us/store/sketch-book.html","12.95"
"/us/gift/img/item/4945247676891.jpg","Includes one handle and eight magnetic, rust-resistant bits in a plastic storage Case.","Screwdriver Set  Size : 4.5 x 1.25  WARNING: KEEP OUT OF REACH OF CHILDREN.CAREFULLY HANDLE SHARP EDGE.","http://www.muji.us/store/screwdriver-set.html","5.95"
"/us/gift/img/item/4548718186488.jpg","6.35mm-bit screwdrivers. Easy-Grip handle.","Screwdriver Set with Case Mini - MU-MDS-09  4 Interchangeable Head: 3 x Phillips 1 x Slot  WARNING: KEEP OUT OF REACH OF CHILDREN. CAREFULLY HANDLE SHARP EDGE.","http://www.muji.us/store/screwdriver-set-with-case-mini-mu-mds-09.html","5.95"
"/us/gift/img/item/4548076595236.jpg","Wooden snowmen and Santa skittle set in a drawstring bag.","Snowman and Santa in a bag  Suitable for ages 3+  WARNING: CHOKING HAZARD - small parts. Not for Children under 3 years.","http://www.muji.us/store/snowman-and-santa-in-a-bag.html","6.95"
"/us/gift/img/item/4548076680826.jpg","Balance Game by putting wooden penguins.","Stacking Game Penguin  10pcs/set  WARNING:  CHOKING HAZARD - small parts. Not for Children under 3 years.","http://www.muji.us/store/stacking-game-penguin.html","6.95"
"/us/gift/img/item/4945247231311.jpg","Made of Stainless. A combination of the alphabets, make your own message with cookies, cooking fun.","Stainless Cookie Cutter - 26 characters/set  Dishwasher safe  ","http://www.muji.us/store/stainless-cookie-cutter-26-characters-set.html","8.95"
"/us/gift/img/item/4548076595212.jpg","Enjoy making animal footprint with this stamp. Comes with two colored ink pads.","Stamp Set - Foot Print  WARNING: CHOKING HAZARD - small parts. Not for Children under 3 years.  ","http://www.muji.us/store/stamp-set-foot-print.html","8.95"
"/us/gift/img/item/4547315823536.jpg","Enjoy making Japanese traditional icons with this stamp. Comes with two colored ink pads.","Stamp Set - Japanese Pattern  WARNING: CHOKING HAZARD - small parts. Not for Children under 3 years.","http://www.muji.us/store/stamp-set-japanese-pattern.html","8.95"
"/us/gift/img/item/4548076595205.jpg","Enjoy making snowflakes with this stamp. Comes with two colored ink pads.","Stamp Set - Snowflakes   WARNING: CHOKING HAZARD - small parts. Not for Children under 3 years.  ","http://www.muji.us/store/stamp-set-snowflakes.html","12.95"
"/us/gift/img/item/4547315823499.jpg","Enjoy making space patterns with this stamp. Comes with two colored ink pads.","Stamp Set - Space  WARNING: CHOKING HAZARD - small parts. Not for Children under 3 years.  ","http://www.muji.us/store/stamp-set-space.html","18.95"
"/us/gift/img/item/4547315823468.jpg","Set of ten sumo players skittles and a wooden ball in a drawstring bag.","Sumo Champion Skittles","http://www.muji.us/store/sumo-champion-skittles.html","6.95"
"/us/gift/img/item/4548076944812.jpg","Wooden Toy - Moving Snowman","Wooden Toy - Moving Snowman  2.5Includes one handle and eight magnetic, rust-resistant bits in a plastic storage Case.  WARNING: CHOKING HAZARD - small parts. Not for Children under 3 years.","http://www.muji.us/store/wooden-toy-moving-snowman.html","6.95"
"/us/gift/img/item/4547315823321.jpg","Using Czech Republic traditional way, made of wool felt. Hand-made style and warm.","Wool Felt Animal Donkey  Made in Czech Republic","http://www.muji.us/store/animal-donkey-ecru.html","12.95"
"/us/gift/img/item/4547315823338.jpg","Using Czech Republic traditional way, made of wool felt. Hand-made style and warm.","Wool Felt Animal Sheep  Made in Czech Republic","http://www.muji.us/store/animal-sheep-ecru.html","6.95"
