"http://mujiux.x0.com/de/gift/img/item/4547315823192_4547315823208.jpg","フェルトで組み立てるツリーです。","フェルトツリー　大・緑","",""
"","","フェルトツリー　小・緑","http://www.muji.de/de/store/goods/4547315823208",""
"http://mujiux.x0.com/de/gift/img/item/2014_09_17_43009.jpg","","超音波アロマディフューザー　約直径８０×高さ１４０ｍｍ","http://www.muji.de/de/store/goods/4548718940066","4900"
"","","超音波うるおいアロマディフューザー　約直径１６８×高さ１２１ｍｍ","","6900"
"","","エッセンシャルオイル","http://www.muji.net/store/cmdty/section/S1070251",""
"http://mujiux.x0.com/de/gift/img/item/140818_016.jpg","クリスマスカードにぴったりの色々なスタンプを用意しました。スタンプパッド付きです。","木製スタンプセット　雪華","http://www.muji.de/de/store/goods/4547315823482",""
"","","木製スタンプセット　宇宙","http://www.muji.de/de/store/goods/4547315823499",""
"","","木製スタンプセット　世界の伝統柄","http://www.muji.de/de/store/goods/4547315823505",""
"","","木製スタンプセット","http://www.muji.de/de/store/goods/4547315823529",""
"http://mujiux.x0.com/de/gift/img/item/4547315823178_4547315823185.jpg","板を組み合わせるとツリーになります。オーナメント付です。","木製ツリー　大","http://www.muji.de/de/store/goods/4547315823178",""
"","","木製ツリー　小","http://www.muji.de/de/store/goods/4547315823185",""
"http://mujiux.x0.com/de/gift/img/item/4547315823239_4547315823253.jpg","アクリル板を組み合わせるとツリーになります。","X4 ACRYLIC TREE LARGE/WHT","http://www.muji.de/de/store/goods/4547315823239",""
"","","X4 ACRYLIC TREE LARGE/WHT","http://www.muji.de/de/store/goods/4547315823253",""
"http://mujiux.x0.com/de/gift/img/item/4547315823178.jpg","板を組み合わせるとツリーになります。オーナメント付です。","X4 WOODEN TREE L","http://www.muji.de/de/store/goods/4547315823178",""
"http://mujiux.x0.com/de/gift/img/item/2014_09_17_43040.jpg","ひとつずつ、丁寧に手作りされたふいごを使用した鳩時計です。電子音とは異なる自然であたたかい音色で、時刻の数だけ鳴きます。暗い場所では鳴かない明暗センサー付。電源：単３乾電池×１本用（付属）","鳩時計・ホワイト　掛・置時計","http://www.muji.de/de/store/goods/4934761733654","5250"
"http://mujiux.x0.com/de/gift/img/item/4547315823185.jpg","板を組み合わせるとツリーになります。オーナメント付です。","X4 WOODEN TREE SMALL","http://www.muji.de/de/store/goods/4547315823185",""
"http://mujiux.x0.com/de/gift/img/item/4547315823192.jpg","フェルトで組み立てるツリーです。","X4 FELT TREE GREEN","http://www.muji.de/de/store/goods/4547315823192",""
"http://mujiux.x0.com/de/gift/img/item/4547315823208.jpg","フェルトで組み立てるツリーです。","X4 FELT TREE GREEN","http://www.muji.de/de/store/goods/4547315823208",""
"http://mujiux.x0.com/de/gift/img/item/140818_017.jpg","バランスを維持するゲームやホッケーゲーム、駒取りゲームなど、様々なゲームを揃えました。","ゲーム　バランス","http://www.muji.de/de/store/goods/4547315823734",""
"","","ゲーム　バランス・雪華","http://www.muji.de/de/store/goods/4547315823741",""
"","","ゲーム　ミニホッケー","http://www.muji.de/de/store/goods/4547315823758",""
"","","ゲーム　ジャンプ","http://www.muji.de/de/store/goods/4547315823765",""
"http://mujiux.x0.com/de/gift/img/item/4547315823345.jpg","番号順に組み立てればできあがるパズルです。","X4 PRESS OUT INSECT","http://www.muji.de/de/store/goods/4547315823345",""
"http://mujiux.x0.com/de/gift/img/item/4547315823376.jpg","番号順に組み立てればできあがるパズルです。","X4 PRESS OUT ARMOR YOROI","http://www.muji.de/de/store/goods/4547315823376",""
"http://mujiux.x0.com/de/gift/img/item/4547315823352.jpg","番号順に組み立てればできあがるパズルです。","X4 PRESS OUT DINOSAUR","http://www.muji.de/de/store/goods/4547315823352",""
"http://mujiux.x0.com/de/gift/img/item/4547315823369.jpg","番号順に組み立てればできあがるパズルです。","X4 PRESS OUT SHIP","http://www.muji.de/de/store/goods/4547315823369",""
"http://mujiux.x0.com/de/gift/img/item/4547315823383.jpg","番号順に組み立てればできあがるパズルです。","X4 PRESS OUT HORSES","http://www.muji.de/de/store/goods/4547315823383",""
"http://mujiux.x0.com/de/gift/img/item/4547315823390.jpg","番号順に組み立てればできあがるパズルです。","X4 PRESS OUT ARMOR KACCHU","http://www.muji.de/de/store/goods/4547315823390",""
"http://mujiux.x0.com/de/gift/img/item/4547315823406.jpg","番号順に組み立てればできあがるパズルです。","X4 PRESS OUT CASTLE JAPAN","http://www.muji.de/de/store/goods/4547315823406",""
"http://mujiux.x0.com/de/gift/img/item/4547315823413.jpg","番号順に組み立てればできあがるパズルです。","X4 PRESS OUT EUROPE CASTL","http://www.muji.de/de/store/goods/4547315823413",""
"http://mujiux.x0.com/de/gift/img/item/4547315823420.jpg","番号順に組み立てればできあがるパズルです。","X4 PRESS OUT ORANGUTAN","http://www.muji.de/de/store/goods/4547315823420",""
"http://mujiux.x0.com/de/gift/img/item/4547315823437.jpg","番号順に組み立てればできあがるパズルです。","X4 PRESS OUT OWL","http://www.muji.de/de/store/goods/4547315823437",""
"http://mujiux.x0.com/de/gift/img/item/4547315823444.jpg","番号順に組み立てればできあがるパズルです。","X4 PRESS OUT MAMMOTH","http://www.muji.de/de/store/goods/4547315823444",""
"http://mujiux.x0.com/de/gift/img/item/4547315823451.jpg","番号順に組み立てればできあがるパズルです。","X4 PRESS OUT TRAIN","http://www.muji.de/de/store/goods/4547315823451",""
"http://mujiux.x0.com/de/gift/img/item/4547315823468.jpg","相撲力士をモチーフにした木製のボーリングゲームです。","X4 SUMO CHAMPION SKITTLE","http://www.muji.de/de/store/goods/4547315823468",""
"http://mujiux.x0.com/de/gift/img/item/4547315823482.jpg","色々な雪華型のスタンプです。スタンプパッド付きです。","X4 STAMP SET SNOWFLAKE","http://www.muji.de/de/store/goods/4547315823482",""
"http://mujiux.x0.com/de/gift/img/item/4547315823499.jpg","宇宙をイメージしたスタンプです。スタンプパッド付きです。","X4 STAMP SET UNIVERSE","http://www.muji.de/de/store/goods/4547315823499",""
"http://mujiux.x0.com/de/gift/img/item/4547315823505.jpg","世界の伝統的な柄をスタンプにしました。スタンプパッド付きです。","X4 STAMP SET PATTERNS","http://www.muji.de/de/store/goods/4547315823505",""
"http://mujiux.x0.com/de/gift/img/item/4547315823512.jpg","色々な動物の足あと型のスタンプです。足跡の柄は像、おおかみ、ねこ、ハト、馬、ビーバー、シカ、赤ちゃん左足、赤ちゃん右足の９種類です。スタンプパッド付きです。","X4 STAMP SET FOOTPRINT","http://www.muji.de/de/store/goods/4547315823512",""
"http://mujiux.x0.com/de/gift/img/item/4547315823529.jpg","アルファベットのスタンプです。スタンプパッド付きです。","X4 STAMP SET ALPHABET","http://www.muji.de/de/store/goods/4547315823529",""
"http://mujiux.x0.com/de/gift/img/item/4547315823536.jpg","日本の伝統的なモチーフをスタンプにしました。スタンプパッド付きです。","X4 STAMP JAPANESE PATTERN","http://www.muji.de/de/store/goods/4547315823536",""
"http://mujiux.x0.com/de/gift/img/item/4547315823543.jpg","マッチ箱型の箱の中に、都市の置物が入っています。","X4 CITY MATCHBOX TOKYO","http://www.muji.de/de/store/goods/4547315823543",""
"http://mujiux.x0.com/de/gift/img/item/4547315823550.jpg","マッチ箱型の箱の中に、都市の置物が入っています。","X4 CITY MATCHBOX LONDON","http://www.muji.de/de/store/goods/4547315823550",""
"http://mujiux.x0.com/de/gift/img/item/4547315823567.jpg","マッチ箱型の箱の中に、都市の置物が入っています。","X4 CITY MATCHBOX PARIS","http://www.muji.de/de/store/goods/4547315823567",""
"http://mujiux.x0.com/de/gift/img/item/4547315823574.jpg","タータンチェック柄のマグネットです。","X4 MAGNET TARTAN CHECK","http://www.muji.de/de/store/goods/4547315823574",""
"http://mujiux.x0.com/de/gift/img/item/4547315823581.jpg","手動で月日を合わせて万年使えるカレンダー型のマグネットです。","X4 MAGNET CALENDAR","http://www.muji.de/de/store/goods/4547315823581",""
"http://mujiux.x0.com/de/gift/img/item/4547315823598.jpg","太陽系をモチーフにした木製のマグネットです。","X4 MAGNET SET A SET OF 9","http://www.muji.de/de/store/goods/4547315823598",""
"http://mujiux.x0.com/de/gift/img/item/4547315823604.jpg","太陽系をモチーフにした木製のミニチュアです。","X4 WOODEN SOLAR SYSTEM","http://www.muji.de/de/store/goods/4547315823604",""
"http://mujiux.x0.com/de/gift/img/item/4547315823611.jpg","２人で遊ぶサッカーゲームです。","X4 WOODEN FOOTBALL GAME","http://www.muji.de/de/store/goods/4547315823611",""
"http://mujiux.x0.com/de/gift/img/item/4547315823628.jpg","日本の伝統的な柄の千代紙をセットにした折り紙です。","X4 CHIYOGAMI PAPER","http://www.muji.de/de/store/goods/4547315823628",""
"http://mujiux.x0.com/de/gift/img/item/4547315823635.jpg","クリスマスに関するアイテムの折り紙の作り方のガイド本が入った折り紙セットです。","X4 ORIGAMI SET CHRISTMAS","http://www.muji.de/de/store/goods/4547315823635",""
"http://mujiux.x0.com/de/gift/img/item/4547315823642.jpg","動物の折り紙の作り方のガイド本が入った折り紙セットです。","X4 ORIGAMI SET ANIMALS","http://www.muji.de/de/store/goods/4547315823642",""
"http://mujiux.x0.com/de/gift/img/item/4547315823659.jpg","鳥の折り方ガイドが入った折り紙セットです。","X4 ORIGAMI SET BIRDS","http://www.muji.de/de/store/goods/4547315823659",""
"http://mujiux.x0.com/de/gift/img/item/4547315823666.jpg","寒い時期に手などをあたためるのに便利です。","X4 KNIT/ HAND WARMER RED","http://www.muji.de/de/store/goods/4547315823666",""
"http://mujiux.x0.com/de/gift/img/item/4547315823697.jpg","寒い時期に手などをあたためるのに便利です。","X4 KNIT/ HAND WARMER NAVY","http://www.muji.de/de/store/goods/4547315823697",""
"http://mujiux.x0.com/de/gift/img/item/4547315823703.jpg","木製の山の頂上にクリップなどをマグネットでくっつけることができる置物です。","X4 MAGNET HOLDER VOLCANO","http://www.muji.de/de/store/goods/4547315823703",""
"http://mujiux.x0.com/de/gift/img/item/4547315823710.jpg","木製の木の枝にクリップなどをマグネットでくっつけることができる置物です。","X4 MAGNET HOLDER TREE","http://www.muji.de/de/store/goods/4547315823710",""
"http://mujiux.x0.com/de/gift/img/item/4547315823727.jpg","磁器でできた豚の貯金箱です。","X4 PIGGY BANK","http://www.muji.de/de/store/goods/4547315823727",""
"http://mujiux.x0.com/de/gift/img/item/4547315823734.jpg","バランスを維持するゲームです。","X4 BALANCE GAME","http://www.muji.de/de/store/goods/4547315823734",""
"http://mujiux.x0.com/de/gift/img/item/4547315823741.jpg","バランスを維持するゲームです。","X4 BALANCE GAME/SNOWFLAKE","http://www.muji.de/de/store/goods/4547315823741",""
"http://mujiux.x0.com/de/gift/img/item/4547315823758.jpg","２人で遊ぶホッケーゲームです。","X4 MINI HOCKEY","http://www.muji.de/de/store/goods/4547315823758",""
"http://mujiux.x0.com/de/gift/img/item/4547315823765.jpg","１人で遊ぶ駒取りゲームです。","X4 JUMP GAME","http://www.muji.de/de/store/goods/4547315823765",""
"http://mujiux.x0.com/de/gift/img/item/4547315823772.jpg","ツリー型の的に対してボールを投げて遊ぶゲームです。ボールがオーナメントにもなり飾りとしても楽しめます。","X4 TARGET-HITTING TREE","http://www.muji.de/de/store/goods/4547315823772",""
"http://mujiux.x0.com/de/gift/img/item/4547315836611.jpg","車に見立てた木製のコマを外に逃がすゲームです。","X4 CAR PARK","http://www.muji.de/de/store/goods/4547315836611",""
"http://mujiux.x0.com/de/gift/img/item/4547315836604.jpg","２人で遊ぶ推理ゲームです。","X4 MASTER MIND","http://www.muji.de/de/store/goods/4547315836604",""
"http://mujiux.x0.com/de/gift/img/item/4547315823789.jpg","組み立てると家の形になる小物入れです。","X4 STORAGE BOX LARGE","http://www.muji.de/de/store/goods/4547315823789",""
"http://mujiux.x0.com/de/gift/img/item/4547315823796.jpg","組み立てると家の形になる小物入れです。","X4 STORAGE BOX SMALL","http://www.muji.de/de/store/goods/4547315823796",""
"http://mujiux.x0.com/de/gift/img/item/4547315823802.jpg","丸型の小物入れです。別売りの小サイズと重ねあわせて使うことができます。","X4 ACCESSORIES CASE LARGE","http://www.muji.de/de/store/goods/4547315823802",""
"http://mujiux.x0.com/de/gift/img/item/4547315823819.jpg","丸型の小物入れです。別売りの小サイズと重ねあわせて使うことができます。","X4 ACCESSORIES CASE SMALL","http://www.muji.de/de/store/goods/4547315823819",""
"http://mujiux.x0.com/de/gift/img/item/4547315823826.jpg","ぞうを形どったパズルです。組み上がった状態で置物にもなります。","X4 WOODEN PUZZLE ELEPHANT","http://www.muji.de/de/store/goods/4547315823826",""
"http://mujiux.x0.com/de/gift/img/item/4547315823833.jpg","ひつじを形どったパズルです。組み上がった状態で置物にもなります。","X4 WOODEN PUZZLE SHEEP","http://www.muji.de/de/store/goods/4547315823833",""
"http://mujiux.x0.com/de/gift/img/item/4547315823840.jpg","カードを開くと立体的なサンタと夜景の街があらわれます。","X4 POP-UP CARD SANTA TOWN","http://www.muji.de/de/store/goods/4547315823840",""
"http://mujiux.x0.com/de/gift/img/item/4547315823857.jpg","カードを開くと立体的なトナカイがあらわれます。","X4 POP-UP CARD REINDEER","http://www.muji.de/de/store/goods/4547315823857",""
"http://mujiux.x0.com/de/gift/img/item/4547315823864.jpg","カードを開くと立体的なメリーゴーランドがあらわれます。","X4 POP-UP CARD MERRY G R","http://www.muji.de/de/store/goods/4547315823864",""
"http://mujiux.x0.com/de/gift/img/item/4547315823871.jpg","カードを開くと立体的なクリスマスの情景があらわれます。","X4 POP-UP CARD SANTA HOME","http://www.muji.de/de/store/goods/4547315823871",""
"http://mujiux.x0.com/de/gift/img/item/4547315823901.jpg","畳の縁に使われている生地の余りを活用して作りました。","X4 PASS CASE 8*9.5CM","http://www.muji.de/de/store/goods/4547315823901",""
"http://mujiux.x0.com/de/gift/img/item/4547315823918.jpg","畳の縁に使われている生地の余りを活用して作りました。","X4 COIN CASE 8*8*9CM","http://www.muji.de/de/store/goods/4547315823918",""
"http://mujiux.x0.com/de/gift/img/item/4547315823925.jpg","畳の縁に使われている生地の余りを活用して作りました。","X4 PEN CASE 18.5*5*4.3CM","http://www.muji.de/de/store/goods/4547315823925",""
"http://mujiux.x0.com/de/gift/img/item/4547315824311.jpg","畳の縁に使われている生地の余りを活用して作りました。","X4 PHONE CASE 8.3*14.5CM","http://www.muji.de/de/store/goods/4547315824311",""
"http://mujiux.x0.com/de/gift/img/item/4547315823932.jpg","工場で余った生地で作りました。","X4 STUFFED TOY MONKEY","http://www.muji.de/de/store/goods/4547315823932",""
"http://mujiux.x0.com/de/gift/img/item/4547315823949.jpg","工場で余った生地で作りました。","X4 STUFFED TOY RABBIT","http://www.muji.de/de/store/goods/4547315823949",""
"http://mujiux.x0.com/de/gift/img/item/4547315823956.jpg","工場で余った生地で作りました。","X4 STUFFED TOY BULLDOG","http://www.muji.de/de/store/goods/4547315823956",""
"http://mujiux.x0.com/de/gift/img/item/4547315823963.jpg","工場で余った生地で作りました。","X4 STUFFED TOY PIG","http://www.muji.de/de/store/goods/4547315823963",""
"http://mujiux.x0.com/de/gift/img/item/4547315823970.jpg","工場で余った革で作りました。","X4 SOCCER BALL BROWN","http://www.muji.de/de/store/goods/4547315823970",""
"http://mujiux.x0.com/de/gift/img/item/4547315823987.jpg","工場で余った革で作りました。","X4 PHONE CASE 8.5*14CM","http://www.muji.de/de/store/goods/4547315823987",""
"http://mujiux.x0.com/de/gift/img/item/4547315823888.jpg","カードを開くと立体的なポインセチアがあらわれます。","X4 POP-UP CARD POINSETTIA","http://www.muji.de/de/store/goods/4547315823888",""
"http://mujiux.x0.com/de/gift/img/item/4547315823895.jpg","カードを開くと立体的な雪華があらわれます。","X4 POP-UP CARD SNOWFLAKES","http://www.muji.de/de/store/goods/4547315823895",""
"http://mujiux.x0.com/de/gift/img/item/4547315823291.jpg","フェルトを組み合わせるとサンタになります。","X4 FELT SANTA CLAUS RED","http://www.muji.de/de/store/goods/4547315823291",""
"http://mujiux.x0.com/de/gift/img/item/4547315823307.jpg","フェルトを組み合わせるとトナカイになります。","X4 FELT REINDEER GREEN","http://www.muji.de/de/store/goods/4547315823307",""
"http://mujiux.x0.com/de/gift/img/item/4547315823314.jpg","フェルトを組み合わせると雪だるまになります。","X4 FELT SNOWMAN WHITE","http://www.muji.de/de/store/goods/4547315823314",""
"http://mujiux.x0.com/de/gift/img/item/4547315915569.jpg","","X4 CLOTH DIARY A5 RED","http://www.muji.de/de/store/goods/4547315915569",""
"http://mujiux.x0.com/de/gift/img/item/4547315915583.jpg","","X4 DESK NOTEBOOK DEC","http://www.muji.de/de/store/goods/4547315915583",""
"http://mujiux.x0.com/de/gift/img/item/4547315824854.jpg","","X4 DESKTOP MINI CALENDAR","http://www.muji.de/de/store/goods/4547315824854",""
"http://mujiux.x0.com/de/gift/img/item/4547315824588.jpg","","X4 FAMILY CALENDAR A2","http://www.muji.de/de/store/goods/4547315824588",""
"http://mujiux.x0.com/de/gift/img/item/4547315824779.jpg","","X4 MONTHLY NOTEBOOK A5","http://www.muji.de/de/store/goods/4547315824779",""
"http://mujiux.x0.com/de/gift/img/item/4547315824762.jpg","","X4 MONTHLY NOTEBOOK A6","http://www.muji.de/de/store/goods/4547315824762",""
"http://mujiux.x0.com/de/gift/img/item/4547315824809.jpg","","X4 MONTHLY NOTEBOOK A6","http://www.muji.de/de/store/goods/4547315824809",""
"http://mujiux.x0.com/de/gift/img/item/4547315909780.jpg","","X4 NOTEBOOK DEC A5 DARK","http://www.muji.de/de/store/goods/4547315909780",""
"http://mujiux.x0.com/de/gift/img/item/4547315909704.jpg","","X4 NOTEBOOK DEC A5 RED","http://www.muji.de/de/store/goods/4547315909704",""
"http://mujiux.x0.com/de/gift/img/item/4547315909742.jpg","","X4 NOTEBOOK DEC A5 WHITE","http://www.muji.de/de/store/goods/4547315909742",""
"http://mujiux.x0.com/de/gift/img/item/4547315909797.jpg","","X4 NOTEBOOK DEC A6 DARK","http://www.muji.de/de/store/goods/4547315909797",""
"http://mujiux.x0.com/de/gift/img/item/4547315909711.jpg","","X4 NOTEBOOK DEC A6 RED","http://www.muji.de/de/store/goods/4547315909711",""
"http://mujiux.x0.com/de/gift/img/item/4547315909759.jpg","","X4 NOTEBOOK DEC A6 WHIT","http://www.muji.de/de/store/goods/4547315909759",""
"http://mujiux.x0.com/de/gift/img/item/4547315909735.jpg","","X4 NOTEBOOK DEC B5 WHITE","http://www.muji.de/de/store/goods/4547315909735",""
"http://mujiux.x0.com/de/gift/img/item/4547315915538.jpg","","X4 PAPERBACK DIARY","http://www.muji.de/de/store/goods/4547315915538",""
"http://mujiux.x0.com/de/gift/img/item/4547315915637.jpg","","X4 PP DIARY DEC A5","http://www.muji.de/de/store/goods/4547315915637",""
"http://mujiux.x0.com/de/gift/img/item/4547315915644.jpg","","X4 PP DIARY DEC A6","http://www.muji.de/de/store/goods/4547315915644",""
"http://mujiux.x0.com/de/gift/img/item/4547315915545.jpg","","X4 PP SCHEDULE A5 W/RUB","http://www.muji.de/de/store/goods/4547315915545",""
"http://mujiux.x0.com/de/gift/img/item/4547315824649.jpg","","X4 SUEDE DIARY A5 BEIGE","http://www.muji.de/de/store/goods/4547315824649",""
"http://mujiux.x0.com/de/gift/img/item/4547315824656.jpg","","X4 SUEDE DIARY A5 BLACK","http://www.muji.de/de/store/goods/4547315824656",""
"http://mujiux.x0.com/de/gift/img/item/4547315824922.jpg","","X4 WALL CALENDAR A3","http://www.muji.de/de/store/goods/4547315824922",""
"http://mujiux.x0.com/de/gift/img/item/4547315824861.jpg","","X4DESKTOP MINI CALENDAR","http://www.muji.de/de/store/goods/4547315824861",""
"http://mujiux.x0.com/de/gift/img/item/4547315823284.jpg","アクリル板を組み合わせるとトナカイになります。","X4 ACRYLIC REINDEER RED","http://www.muji.de/de/store/goods/4547315823284",""
"http://mujiux.x0.com/de/gift/img/item/4547315823277.jpg","アクリル板を組み合わせるとトナカイになります。","X4 ACRYLIC REINDEER WHITE","http://www.muji.de/de/store/goods/4547315823277",""
"http://mujiux.x0.com/de/gift/img/item/4547315823246.jpg","アクリル板を組み合わせるとツリーになります。","X4 ACRYLIC TREE LARGE/RED","http://www.muji.de/de/store/goods/4547315823246",""
"http://mujiux.x0.com/de/gift/img/item/4547315823260.jpg","アクリル板を組み合わせるとツリーになります。","X4 ACRYLIC TREE SMALL/RED","http://www.muji.de/de/store/goods/4547315823260",""
"http://mujiux.x0.com/de/gift/img/item/4547315823253.jpg","アクリル板を組み合わせるとツリーになります。","X4 ACRYLIC TREE SMALL/WHT","http://www.muji.de/de/store/goods/4547315823253",""
