"/de/gift/img/item/4547315823192_4547315823208.jpg","This 2 parts of flat parts make Xmas tree.","Felt Tree L","http://www.muji.de/en/store/goods/4547315823192","12.95"
"","This 2 parts of flat parts make Xmas tree.","Felt Tree S","http://www.muji.de/en/store/goods/4547315823208","9.95"
"/de/gift/img/item/2014_09_17_43009.jpg","The Aroma Diffuser uses ultrasonic waves to vaporise water and the essential oil in the tank to produce a cool, dry, fragrant mist. Includes transformer with EU and UK plug attachments. The white cylinder also houses a lamp that shines with an ambient glow and has 2 light settings. It's flame free and safe for use round children and pets.Operation time - 30/60/120/180 mins.Lighting modes - High/Low/OFF.","Aroma Diffuser","http://www.muji.de/en/store/goods/5055321374953","59,00"
"","The new extra large aroma diffuser uses ultrasonic waves to vaporise water and the essential oil in the tank to produce a cool, dry, fragrant mist. It has a larger tank capacity and can diffuse a fragrance in a room three times the size of the original aroma diffuser. Includes transformer with EU and UK plug attachments. The white cylinder also houses a lamp that shines with an ambient glow and has 2 light settings. It's flame free and safe for use round children and pets.Operation time - 30/60/120/180 mins. Dimensions are 168 x 121mm.","Extra Large Aroma Diffuser","http://www.muji.de/de/store/goods/4934761703664","89,00"
"","","Essential Oil","http://www.muji.de/en/store/list/basic/beauty/fragrance/aromadiffuser",""
"/de/gift/img/item/140818_016.jpg","Enjoy making message with alphabet stamps and colored ink set.","Stamp Set Alphabet","http://www.muji.de/en/store/goods/4547315823529","12.95"
"","Enjoy making animal footprint with this stamp and colored ink set.9 Kinds of footprint stamps: elephant, wolf, cat, dove, horse, beaver, deer, baby's left foot, baby's right foot.","Stamp Set　animal footprint","http://www.muji.de/en/store/goods/4547315823512","12.95"
"","Stamps featuring traditional Japanese motifs and colored ink set.","Stamp Set　traditional Japanese motifs","http://www.muji.de/en/store/goods/4547315823536","12.95"
"","Stamps featuring traditional world motifs and colored ink set.","Stamp Set traditional world motifs","http://www.muji.de/en/store/goods/4547315823505","12.95"
"","Enjoy making snowflakes with this stamp and colored ink set.","Stamp Set Snowflakes","http://www.muji.de/en/store/goods/4547315823482","12.95"
"","Stamps inspired by visions of the Universe and colored ink set.","Stamp Set Universe","http://www.muji.de/en/store/goods/4547315823499","12.95"
"/de/gift/img/item/4547315823178_4547315823185.jpg","These 2 parts of flat parts make Xmas tree. Comes with ornaments","Wooden Tree S","http://www.muji.de/en/store/goods/4547315823185","12.95"
"","These 2 parts of flat parts make Xmas tree. Comes with ornaments","Wooden Tree L","http://www.muji.de/en/store/goods/4547315823178","18.95"
"/de/gift/img/item/2014_09_17_43040.jpg","An innovative approach to a classic design, MUJI's cuckoo clock has two chime functions and employs a clever light sensor so it does not ring in the dark. Can stand alone or be mounted on a wall. Includes 1X AA battery.","Cuckoo Clock White","http://www.muji.de/en/store/goods/4934761733654","59,95"
"/de/gift/img/item/140818_017.jpg","Fun game to test your balancing skills.","Columns balancing game","http://www.muji.de/en/store/goods/4547315823734","12.95"
"","Fun game to test your balancing skills.","Columns balancing game","http://www.muji.de/en/store/goods/4547315823741","12.95"
"","Comes with wooden cars.  Your mission is to take your car out of the garage.","Car parking game","http://www.muji.de/en/store/goods/4547315836611","12.95"
"","Triangle board game for one player.","Triangle jump game","http://www.muji.de/en/store/goods/4547315823765","12.95"
"/de/gift/img/item/4547315823864.jpg","You can write your message inside the card. The pop up makes the warmful scene.","Pop-up Card Merry-go-round","http://www.muji.de/en/store/goods/4547315823864","6.95"
"/de/gift/img/item/4547315823857.jpg","Pop-up card with a reindeer on it.","Reindeer pop-up card","http://www.muji.de/en/store/goods/4547315823857","6.95"
"/de/gift/img/item/4547315823871.jpg","Pop-up card with a festive scenery on Christmas Day.","Pop-up Card Santa Home","http://www.muji.de/en/store/goods/4547315823871","6.95"
"/de/gift/img/item/4547315823840.jpg","You can write your message inside the card. The pop up makes the warmful scene.","Santa's home pop-up card","http://www.muji.de/en/store/goods/4547315823840","6.95"
"/de/gift/img/item/4547315823802.jpg","Round accessory tray. Can be used in combination with a smaller one sold separately.","Accessory tray","http://www.muji.de/en/store/goods/4547315823802","8.95"
"/de/gift/img/item/4547315823819.jpg","Round accessory tray. Can be used in combination with a smaller one sold separately.","Accessory tray","http://www.muji.de/en/store/goods/4547315823819","6.95"
"/de/gift/img/item/4547315823734.jpg","Fun game to test your balancing skills.","Columns balancing game","http://www.muji.de/en/store/goods/4547315823734","12.95"
"/de/gift/img/item/4547315823741.jpg","Fun game to test your balancing skills.","Columns balancing game","http://www.muji.de/en/store/goods/4547315823741","12.95"
"/de/gift/img/item/4547315836611.jpg","Comes with wooden cars.  Your mission is to take your car out of the garage.","Car parking game","http://www.muji.de/en/store/goods/4547315836611","12.95"
"/de/gift/img/item/4547315824311.jpg","Case made from surplus material used for brim of tatami mat.","Tatami Mobile case","http://www.muji.de/en/store/goods/4547315824311","6.95"
"/de/gift/img/item/4547315823987.jpg","Made from factory-leftover leather.","Leather","http://www.muji.de/en/store/goods/4547315823987","8.95"
"/de/gift/img/item/4547315823550.jpg","There are miniature city landscapes in match box.","City in a Matchbox","http://www.muji.de/en/store/goods/4547315823550","6.95"
"/de/gift/img/item/4547315823567.jpg","There are miniature city landscapes in match box.","City in a Matchbox","http://www.muji.de/en/store/goods/4547315823567","6.95"
"/de/gift/img/item/4547315823543.jpg","There are miniature city landscapes in match box.","City in a Matchbox","http://www.muji.de/en/store/goods/4547315823543","6.95"
"/de/gift/img/item/4547315823970.jpg","Made from factory-leftover leather.","Leather football","http://www.muji.de/en/store/goods/4547315823970","24.95"
"/de/gift/img/item/4547315823918.jpg","Case made from surplus material used for brim of tatami mat.","Tatami coin case","http://www.muji.de/en/store/goods/4547315823918","6.95"
"/de/gift/img/item/4547315823307.jpg","Put all felt pieces together, and you'll get a green reindeer.","Felt Reindeer","http://www.muji.de/en/store/goods/4547315823307","6.95"
"/de/gift/img/item/4547315823291.jpg","Put all felt pieces together, and you'll get a nice red Christmas Santa.","Felt Christmas Santa.","http://www.muji.de/en/store/goods/4547315823291","6.95"
"/de/gift/img/item/4547315823314.jpg","Put all felt pieces together, and you'll get a white snowman.","Felt Snowman","http://www.muji.de/en/store/goods/4547315823314","6.95"
"/de/gift/img/item/4547315823192.jpg","This 2 parts of flat parts make Xmas tree.","Felt Tree L","http://www.muji.de/en/store/goods/4547315823192","12.95"
"/de/gift/img/item/4547315823208.jpg","This 2 parts of flat parts make Xmas tree.","Felt Tree S","http://www.muji.de/en/store/goods/4547315823208","9.95"
"/de/gift/img/item/4547315823765.jpg","Triangle board game for one player.","Triangle jump game","http://www.muji.de/en/store/goods/4547315823765","12.95"
"/de/gift/img/item/4547315823697.jpg","This hand warmer provides a convenient way to keep your hands warm.","Knitted Hand Warmer","http://www.muji.de/en/store/goods/4547315823697","5.95"
"/de/gift/img/item/4547315823666.jpg","This hand warmer provides a convenient way to keep your hands warm.","Knitted Hand Warmer","http://www.muji.de/en/store/goods/4547315823666","5.95"
"/de/gift/img/item/4547315823710.jpg","The wooden motif of magnetic power can be gathered clips.","Wooden Magnetic Paperclip Holder / Tree","http://www.muji.de/en/store/goods/4547315823710","6.95"
"/de/gift/img/item/4547315823703.jpg","The wooden motif of magnetic power can be gathered clips.","Wooden Magnetic Paperclip Holder / Volcano","http://www.muji.de/en/store/goods/4547315823703","6.95"
"/de/gift/img/item/4547315823581.jpg","Perpetual calendar magnet.  Dates can be changed manually.","Perpetual calendar magne","http://www.muji.de/en/store/goods/4547315823581","8.95"
"/de/gift/img/item/4547315823598.jpg","The miniature is modeled by the solar system.","Magnet Set Solar system","http://www.muji.de/en/store/goods/4547315823598","8.95"
"/de/gift/img/item/4547315823574.jpg","Tartan checked magnets","Tartan checked magnets","http://www.muji.de/en/store/goods/4547315823574","8.95"
"/de/gift/img/item/4547315836604.jpg","Code-breaking board game for two players.","Master mind","http://www.muji.de/en/store/goods/4547315836604","12.95"
"/de/gift/img/item/4547315823758.jpg","Indoor sport game for two players.","Mini hockey","http://www.muji.de/en/store/goods/4547315823758","18.95"
"/de/gift/img/item/4547315823901.jpg","Case made from surplus material used for brim of tatami mat.","Tatami pass case","http://www.muji.de/en/store/goods/4547315823901","6.95"
"/de/gift/img/item/4547315823925.jpg","Case made from surplus material used for brim of tatami mat.","Tatami pen case","http://www.muji.de/en/store/goods/4547315823925","6.95"
"/de/gift/img/item/4547315823727.jpg","This piggy bank is made from porcelain.","Piggy bank","http://www.muji.de/en/store/goods/4547315823727","12.95"
"/de/gift/img/item/4547315823888.jpg","A three-dimensional poinsettia cutout springs up when opened.","Poinsettia pop-up card","http://www.muji.de/en/store/goods/4547315823888","6.95"
"/de/gift/img/item/4547315823895.jpg","Three-dimensional snowflake cutouts spring up when opened.","Snowflakes pop-up card","http://www.muji.de/en/store/goods/4547315823895","6.95"
"/de/gift/img/item/4547315823390.jpg","Build your own insects by simply pressing out the pieces and assembling them to create your 3D model.","Press out Armor","http://www.muji.de/en/store/goods/4547315823390","6.95"
"/de/gift/img/item/4547315823376.jpg","Build your own insects by simply pressing out the pieces and assembling them to create your 3D model.","Press out Armor","http://www.muji.de/en/store/goods/4547315823376","6.95"
"/de/gift/img/item/4547315823352.jpg","Build your own insects by simply pressing out the pieces and assembling them to create your 3D model.","Press out Dinosaur","http://www.muji.de/en/store/goods/4547315823352","6.95"
"/de/gift/img/item/4547315823413.jpg","Build your own insects by simply pressing out the pieces and assembling them to create your 3D model.","Press out Europäische Burg","http://www.muji.de/en/store/goods/4547315823413","6.95"
"/de/gift/img/item/4547315823383.jpg","Build your own insects by simply pressing out the pieces and assembling them to create your 3D model.","Press out Horses","http://www.muji.de/en/store/goods/4547315823383","6.95"
"/de/gift/img/item/4547315823345.jpg","Build your own insects by simply pressing out the pieces and assembling them to create your 3D model.","Press out Insect","http://www.muji.de/en/store/goods/4547315823345","6.95"
"/de/gift/img/item/4547315823406.jpg","Build your own insects by simply pressing out the pieces and assembling them to create your 3D model.","Press out Japanese castle","http://www.muji.de/en/store/goods/4547315823406","6.95"
"/de/gift/img/item/4547315823444.jpg","Build your own insects by simply pressing out the pieces and assembling them to create your 3D model.","Press out Mammoth","http://www.muji.de/en/store/goods/4547315823444","8.95"
"/de/gift/img/item/4547315823420.jpg","Build your own insects by simply pressing out the pieces and assembling them to create your 3D model.","Press out Orangutan","http://www.muji.de/en/store/goods/4547315823420","8.95"
"/de/gift/img/item/4547315823437.jpg","Build your own insects by simply pressing out the pieces and assembling them to create your 3D model.","Press out Owl","http://www.muji.de/en/store/goods/4547315823437","8.95"
"/de/gift/img/item/4547315823369.jpg","Build your own insects by simply pressing out the pieces and assembling them to create your 3D model.","Press out Ship","http://www.muji.de/en/store/goods/4547315823369","6.95"
"/de/gift/img/item/4547315823451.jpg","Build your own insects by simply pressing out the pieces and assembling them to create your 3D model.","Press out Train","http://www.muji.de/en/store/goods/4547315823451","6.95"
"/de/gift/img/item/4547315823529.jpg","Enjoy making message with alphabet stamps and colored ink set.","Stamp Set Alphabet","http://www.muji.de/en/store/goods/4547315823529","12.95"
"/de/gift/img/item/4547315823512.jpg","Enjoy making animal footprint with this stamp and colored ink set.9 Kinds of footprint stamps: elephant, wolf, cat, dove, horse, beaver, deer, baby's left foot, baby's right foot.","Stamp Set　animal footprint","http://www.muji.de/en/store/goods/4547315823512","12.95"
"/de/gift/img/item/4547315823536.jpg","Stamps featuring traditional Japanese motifs and colored ink set.","Stamp Set　traditional Japanese motifs","http://www.muji.de/en/store/goods/4547315823536","12.95"
"/de/gift/img/item/4547315823505.jpg","Stamps featuring traditional world motifs and colored ink set.","Stamp Set traditional world motifs","http://www.muji.de/en/store/goods/4547315823505","12.95"
"/de/gift/img/item/4547315823482.jpg","Enjoy making snowflakes with this stamp and colored ink set.","Stamp Set Snowflakes","http://www.muji.de/en/store/goods/4547315823482","12.95"
"/de/gift/img/item/4547315823499.jpg","Stamps inspired by visions of the Universe and colored ink set.","Stamp Set Universe","http://www.muji.de/en/store/goods/4547315823499","12.95"
"/de/gift/img/item/4547315823789.jpg","An easy-to-assemble desk organizer in the shape of a house.","wooden desk organiser","http://www.muji.de/en/store/goods/4547315823789","8.95"
"/de/gift/img/item/4547315823796.jpg","An easy-to-assemble desk organizer in the shape of a house.","wooden desk organiser","http://www.muji.de/en/store/goods/4547315823796","6.95"
"/de/gift/img/item/4547315823468.jpg","Based on the ever popular wooden skittles, MUJI have created a Sumo Skittle game. The game comes with a set of 10 sumo skittles and a wooden ball in a drawstring bag.","Sumo Skittles","http://www.muji.de/en/store/goods/4547315823468","12.95"
"/de/gift/img/item/4547315823772.jpg","Fun game kit to test your throwing skills against a tree shaped target. The ball will make a great decoration piece.","Tree target game","http://www.muji.de/en/store/goods/4547315823772","19.95"
"/de/gift/img/item/4547315823611.jpg","Enjoy mini table football game.","Wooden Football Game","http://www.muji.de/en/store/goods/4547315823611","18.95"
"/de/gift/img/item/4547315823826.jpg","Wooden elephant puzzle. Once assembled, it will make a lovely figurine.","Elephant puzzle","http://www.muji.de/en/store/goods/4547315823826","12.95"
"/de/gift/img/item/4547315823833.jpg","Wooden sheep puzzle. Once assembled, it will make a lovely figurine.","Sheep puzzle","http://www.muji.de/en/store/goods/4547315823833","12.95"
"/de/gift/img/item/4547315823604.jpg","The miniature is modeled by the solar system. You can rotate them on the table by yourself.","Wooden Solar System","http://www.muji.de/en/store/goods/4547315823604","18.95"
"/de/gift/img/item/4547315823185.jpg","These 2 parts of flat parts make Xmas tree. Comes with ornaments","Wooden Tree S","http://www.muji.de/en/store/goods/4547315823185","12.95"
"/de/gift/img/item/4547315823178.jpg","These 2 parts of flat parts make Xmas tree. Comes with ornaments","Wooden Tree L","http://www.muji.de/en/store/goods/4547315823178","18.95"
"/de/gift/img/item/4547315823956.jpg","Stuffed toy made of factory-leftover fabrics.","Stuffed toy Bulldog","http://www.muji.de/en/store/goods/4547315823956","19.95"
"/de/gift/img/item/4547315823932.jpg","Stuffed toy made of factory-leftover fabrics.","Stuffed toy Monkey","http://www.muji.de/en/store/goods/4547315823932","19.95"
"/de/gift/img/item/4547315823963.jpg","Stuffed toy made of factory-leftover fabrics.","Stuffed toy Pig","http://www.muji.de/en/store/goods/4547315823963","19.95"
"/de/gift/img/item/4547315823949.jpg","Stuffed toy made of factory-leftover fabrics.","Stuffed toy kaninchen","http://www.muji.de/en/store/goods/4547315823949","19.95"
"/de/gift/img/item/4547315823628.jpg","This is Japanese Traditional beautiful motif printed CHIYOGAMI set.","CHIYOGAMI Set.","http://www.muji.de/en/store/goods/4547315823628","3.95"
"/de/gift/img/item/4547315823642.jpg","Japanese traditional Origami with folding guide book.","Origami Set（Animal）","http://www.muji.de/en/store/goods/4547315823642","3.95"
"/de/gift/img/item/4547315823659.jpg","Japanese traditional Origami with folding guide book.","Origami Set（Birds）","http://www.muji.de/en/store/goods/4547315823659","3.95"
"/de/gift/img/item/4547315823635.jpg","Japanese traditional Origami with folding guide book.","Origami Set（Christmas）","http://www.muji.de/en/store/goods/4547315823635","3.95"
"/de/gift/img/item/4549337568037.jpg","Touch panel gloves knitted by a 3-dimensional knitting machine to fit the shape of hand. Thumb, index, and middle fingers are touch panel effective.","Touch Panel Gloves （Snowflake pattern）","http://www.muji.de/en/store/goods/4549337568037","12.95"
"/de/gift/img/item/5055321353972.jpg","These T-shirts come in handy sized shrink wrapping so you can easily take them with you whilst travelling. Simply pull them into shape and they're ready to wear. The crinkled effect is temporary. Machine washable.","Shrink Wrap Stripe T-Shirt","http://www.muji.de/en/store/goods/5055321353972","15"
"/de/gift/img/item/5055321349098.jpg","Packaged as small cubes, they pull out into a handy scarf that's perfect for travelling. The crinkled effect is temporary. Machine washable.","Shrink Wrap Scarf","http://www.muji.de/en/store/goods/5055321349098","11.95"
"/de/gift/img/item/5055321365449.jpg","These dresses come in handy sized shrink wrapping so you can easily take them with you whilst travelling. Simply pull them into shape and they're ready to wear. The crinkled effect is temporary. Machine washable.","Striped Shrink Wrap Dress","http://www.muji.de/en/store/goods/5055321365449","19.95"
"/de/gift/img/item/5055321374953.jpg","The Aroma Diffuser uses ultrasonic waves to vaporise water and the essential oil in the tank to produce a cool, dry, fragrant mist. ","Aroma Diffuser","http://www.muji.de/en/store/goods/5055321374953","59"
"/de/gift/img/item/4934761703664.jpg","The new extra large aroma diffuser uses ultrasonic waves to vaporise water and the essential oil in the tank to produce a cool, dry, fragrant mist. ","Extra Large Aroma Diffuser","http://www.muji.de/en/store/goods/4934761703664","89"
"/de/gift/img/item/5055473342855.jpg","A hand poured tin candle with a unique and warming fragrance that has been made exclusively for MUJI.","Tin Candle Pomelo&Lychee","http://www.muji.de/en/store/goods/5055473342855","5.5"
"/de/gift/img/item/5055473360002.jpg","A hand poured tin candle with a unique and warming fragrance that has been made exclusively for MUJI.","Glass Candle Blacklily","http://www.muji.de/en/store/goods/5055473360002","12.95"
"/de/gift/img/item/5055473330142.jpg","Limited edition Christmas essential oil set. A set of four festive fragrances in 5ml bottles. The set includes Orange & cinnamon, Sweet orange & clove, Christmas tree, and Lavendin & ginger. You can enjoy this home fragrance range in combination with the Aroma Diffuser for a gentle mist that will fill the room in minutes. ","Essential Oil Set Limited Edition Christmas","http://www.muji.de/en/store/goods/5055473330142","12.95"
"/de/gift/img/item/5055198244700.jpg","Supersoft Egyptian brushed cotton bathrobe.","White Bathrobe M","http://www.muji.de/en/store/goods/5055198244700","44.95"
"/de/gift/img/item/4934761378640.jpg","Designed by aerodynamic experts, this low noise emission desk fan simply plugs into any USB port to deliver a cooling breeze wherever you are. It has two fan settings and can be adjusted to direct the air flow effectively.","USB Desk fan","http://www.muji.de/en/store/goods/4934761378640","24.95"
"/de/gift/img/item/4548076292753.jpg","The compact desk fan with double-reversal blade, which produces steady air flow with low noise, now comes with oscillating feature. ","USB Desk Fan (Low-noise, oscillating fan)","http://www.muji.de/en/store/goods/4548076292753 ","29.95"
"/de/gift/img/item/4934761390772.jpg","One or two person homes don't need a large toothbrush stand.","Porcelain Toothbrush Stand White","http://www.muji.de/en/store/goods/4934761390772","3.95"
"/de/gift/img/item/4547315873128.jpg","A versatile box with five pull out drawers that can be used to store make-up, stationery, haberdashery items or jewellery.","Acrylic 5 drawer box","http://www.muji.de/en/store/goods/4547315873128 ","37"
"/de/gift/img/item/4934761485546.jpg","A versatile box with three pull out drawers that can be used to store make-up, stationery, haberdashery items or jewellery.","Acrylic 3 drawer unit","http://www.muji.de/en/store/goods/4934761485546","26.5"
"/de/gift/img/item/4945247380989.jpg","Stackable acrylic case. Useful for storing cosmetics or bathroom items. The variety of ways in which they can be combined has been increased.","Acrylic Box - 2 Drawers With Flip-Top Lid Wide","http://www.muji.de/en/store/goods/4945247380989","17.25"
"/de/gift/img/item/4945247380934.jpg","Stackable acrylic case. Useful for storing cosmetics or bathroom items. The variety of ways in which they can be combined has been increased.","Acrylic Box - 2 Drawers L","http://www.muji.de/en/store/goods/4945247380934","16.5"
"/de/gift/img/item/4548718958207.jpg","Hang your earrings on this three shelf acrylic unit that slides out.","Acrylic earring stand","http://www.muji.de/en/store/goods/4548718958207","19"
"/de/gift/img/item/4934761174280.jpg","A stackable unit that can be used vertically or horizontally, it can store anything from glasses and stationery to makeup brushes and haberdashery items.","Acrylic four drawer unit","http://www.muji.de/en/store/goods/4934761174280","29.5"
"/de/gift/img/item/4548076475453.jpg","These are wall-mounted Bluetooth speakers that can be turned on or off by pulling the power cord down. You can also play music from your smartphone via a wireless (Bluetooth) connection. The provided metal bracket can be used for installation on plaster board walls, wooden walls and pillars (wooden). Comes with FM tuner allowing you to enjoy FM radio.","Wall Mounted Bluetooth Speaker","http://www.muji.de/en/store/goods/4548076475453","110"
"/de/gift/img/item/4548076475583.jpg","Our iconic Wall Mounted CD player has been re-designed to include an FM radio, remote control and backlit LCD display. To make a disk play you simply pull the cable down.","Wall mounted CD player with radio and remote control White","http://www.muji.de/en/store/goods/4548076475583","150"
"/de/gift/img/item/4548076475668.jpg","Our iconic Wall Mounted CD player has been re-designed to include an FM radio, remote control and backlit LCD display. To make a disk play you simply pull the cable down.","Wall mounted CD player with radio and remote control Black","http://www.muji.de/en/store/goods/4548076475668","150"
"/de/gift/img/item/4934761733654.jpg","An innovative approach to a classic design, MUJI's cuckoo clock has two chime functions and employs a clever light sensor so it does not ring in the dark. Can stand alone or be mounted on a wall.","Cuckoo Clock White","http://www.muji.de/en/store/goods/4934761733654","59.95"
