"/img/feature/garment/2015ss/women/slide01.jpg","","TANNED LEATHER  HAND STITCHED BELT",""
"","","JAPAN DENIM TAPERED BOYFRIEND",""
"","","ORGANIC COTTON SWEATER",""
"","","ORGANIC COTTON WASHED SHIRT",""
"","","PUNCHING BALLET FLATS",""
"/img/feature/garment/2015ss/women/slide02.jpg","","ORGANIC COTTON WAFFLE SWEATER",""
"","","ORGANIC COTTON ROUND COLLAR SHIRT",""
"","","COTTON MIX STRETCH ANKLE PANTS",""
"","","OPERA SHOES",""
"/img/feature/garment/2015ss/women/slide03.jpg","","ORGANIC COTTON RIB CARDIGAN",""
"","","ORGANIC COTTON CHAMBRAY DRESS",""
"","","PUNCHING BALLET FLATS",""
"/img/feature/garment/2015ss/women/slide04.jpg","","COARSE ORGANIC COTTON LONG SLEEVE T-SHIRT　",""
"","","ORGANIC COTTON STRETCH CHINOS",""
"","","LARGE MODAL SILK STOLE",""
"","","ORGANIC COTTON PATTERNED STOLE",""
"","","TANNED LEATHER  HAND STITCHED BELT",""
"","","WATER REPELLENT COTTON SNEAKERS",""
"/img/feature/garment/2015ss/women/slide05.jpg","","EASY CARE COTTON SILK TUNIC　",""
"","","ORGANIC COTTON LONG SLEEVE T-SHIRT",""
"","","SUPER STRETCH SKINNY PANTS",""
"","","WATER REPELLENT COTTON SNEAKERS",""
"/img/feature/garment/2015ss/women/slide06.jpg","","ORGANIC COTTON RIB TANK TOP",""
"","","ORGANIC COTTON CHAMBRAY SHIRT",""
"","","SUPER STRETCH SKINNY PANTS",""
"","","SOFT CUSHION SANDALS",""
"/img/feature/garment/2015ss/women/slide07.jpg","","ORGANIC COTTON RIB SWEATER",""
"","","COTTON MIX TWILL STAND FALL COLLAR COAT",""
"","","ORGANIC COTTON DENIM STRETCH SKINNY",""
"","","TANNED LEATHER  HAND STITCHED BELT",""
"","","PUNCHING BALLET FLATS",""
"/img/feature/garment/2015ss/women/slide08.jpg","","ORGANIC COTTON TERRY PULLOVER HOODY",""
"","","COTTON MIX STRETCH ANKLE PANTS",""
"","","MIXED MATERIAL SNEAKERS",""
"/img/feature/garment/2015ss/women/slide09.jpg","","EASY CARE COTTON SILK CREW NECK SWEATER",""
"","","EASY CARE COTTON SILK CREW NECK CARDIGAN",""
"","","ORGANIC COTTON DENIM SKIRT",""
"","","TANNED LEATHER  HAND STITCHED BELT",""
"","","PUNCHING BALLET FLATS",""
"/img/feature/garment/2015ss/women/slide10.jpg","","FRENCH LINEN SHORT SLEEVE DRESS",""
"","","RAFFIA FLAT CAP",""
"","","ESPADRILLE SANDALS",""
"/img/feature/garment/2015ss/women/slide11.jpg","","ORGANIC COTTON STRETCH TANK TOP",""
"","","FRENCH LINEN SHORT SLEEVE SHIRT",""
"","","FRENCH LINEN CROPPED EASY PANTS",""
"","","SLIP-ON SNEAKERS",""
"/img/feature/garment/2015ss/women/slide12.jpg","","MIXED MATERIAL SNEAKERS",""
"","","FRENCH LINEN CREW NECK SWEATER",""
"","","ORGANIC COTTON RIB TANK TOP",""
"","","FRENCH LINEN CROPPED EASY PANTS",""
"/img/feature/garment/2015ss/women/slide13.jpg","","FRENCH LINEN V NECK SWEATER",""
"","","ORGANIC COTTON RIB TANK TOP",""
"","","FRENCH LINEN EASY MAXI SKIRT",""
"","","SNEAKERS",""
"/img/feature/garment/2015ss/women/slide14.jpg","","FRENCH LINEN GATHERED SLEEVE BLOUSE",""
"","","FRENCH LINEN EASY SKIRT",""
"","","BEACH SANDALS",""
"/img/feature/garment/2015ss/women/slide15.jpg","","TANNED LEATHER  ADJUSTABLE BELT",""
"","","ORGANIC COTTON SHORT SLEEVE T-SHIRT",""
"","","ORGANIC COTTON STRETCH CHINO SHORT PANTS",""
"","","WATER REPELLENT COTTON SNEAKERS",""
"/img/feature/garment/2015ss/women/slide16.jpg","","FRENCH LINEN MIX STOLE",""
"","","JERSEY COMBINATION FRENCH SLEEVE TUNIC",""
"","","FULL LENGTH LEGGING",""
"","","RIBBON BALLET SHOES",""
"/img/feature/garment/2015ss/women/slide17.jpg","","TANNED LEATHER  HAND STITCHED BELT",""
"","","ORGANIC COTTON SHORT SLEEVE DRESS",""
"","","SUPER STRETCH SKINNY PANTS",""
"","","PUNCHING BALLET FLATS",""
"/img/feature/garment/2015ss/women/slide18.jpg","","FRENCH LINEN PATTERNED CHAMBRAY STOLE",""
"","","ORGANIC COTTON  LONG CARDIGAN",""
"","","COTTON CUPRA MAXI TANK TOP DRESS",""
"","","FRENCH LINEN CHAMBRAY STOLE",""
"","","TANNED LEATHER  ADJUSTABLE BELT",""
"","","PUNCHING BALLET FLATS",""
"/img/feature/garment/2015ss/women/slide19.jpg","","ORGANIC COTTON  CREW NECK CARDIGAN",""
"","","ORGANIC COTTON JERSEY POLO SHIRT",""
"","","COTTON MIX JERSEY EASY MAXI SKIRT",""
"","","WATER REPELLENT COTTON SNEAKERS",""
"/img/feature/garment/2015ss/women/slide20.jpg","","ORGANIC COTTON SHORT SLEEVE T-SHIRT",""
"","","ORGANIC COTTON CROPPED PANTS",""
"","","TANNED LEATHER  ADJUSTABLE BELT",""
"","","SLIP-ON SNEAKERS",""
"/img/feature/garment/2015ss/men/slide01.jpg","","ORGANIC COTTON LONG SLEEVE T-SHIRT",""
"","","DOUBLE POCKET SHIRT",""
"","","STRETCH SLIM PANTS",""
"","","WATER REPELLENT COTTON SNEAKERS",""
"/img/feature/garment/2015ss/men/slide02.jpg","","HOODED BLOUSON",""
"","","4 SLEEVE T-SHIRT",""
"","","SWEAT",""
"","","REGULAR JEANS",""
"","","MIXED MATERIAL SNEAKERS",""
"/img/feature/garment/2015ss/men/slide03.jpg","","LONG SLEEVE T-SHIRT",""
"","","BOATNECK LONG SLEEVE",""
"","","SLIM FIT PANTS",""
"","","SLIP-ON SNEAKERS",""
"/img/feature/garment/2015ss/men/slide04.jpg","","DOUBLE ZIP HOODY",""
"","","ORGANIC COTTON WASHED SHIRT",""
"","","REGULAR JEANS",""
"","","TANNED LEATHER  HAND STITCHED BELT",""
"","","MIXED MATERIAL SNEAKERS",""
"/img/feature/garment/2015ss/men/slide05.jpg","","V NECK SWEATER",""
"","","ORGANIC COTTON LONG SLEEVE T-SHIRT",""
"","","SLIM FIT PANTS",""
"","","MIXED MATERIAL SNEAKERS",""
"/img/feature/garment/2015ss/men/slide06.jpg","","BUTTONDOWN SHIRT",""
"","","ORGANIC COTTON TERRY PULLOVER HOODY",""
"","","STRETCH SLIM PANTS",""
"","","SNEAKERS",""
"/img/feature/garment/2015ss/men/slide07.jpg","","CREW NECK SWEATER",""
"","","LONG SLEEVE WITH POCKET",""
"","","PANTS",""
"","","SLIP-ON SNEAKERS",""
"/img/feature/garment/2015ss/men/slide08.jpg","","TANNED LEATHER  HAND STITCHED BELT",""
"","","V NECK CARDIGAN",""
"","","REGULAR COLOR SHIRT",""
"","","STRETCH SLIM PANTS",""
"","","WATER REPELLENT COTTON SNEAKERS",""
"/img/feature/garment/2015ss/men/slide09.jpg","","CREW NECK SWEATER",""
"","","LONG SLEEVE T-SHIRT",""
"","","STRETCH SLIM PANTS",""
"","","SLIP-ON SNEAKERS",""
"/img/feature/garment/2015ss/men/slide10.jpg","","ORGANIC COTTON SHORT SLEEVE T-SHIRT",""
"","","ORGANIC COTTON LONG SLEEVE T-SHIRT",""
"","","SHORT PANTS",""
"","","SLIP-ON SNEAKERS",""
"/img/feature/garment/2015ss/men/slide11.jpg","","SHIRT",""
"","","REGULAR JEANS",""
"","","SLIP-ON SNEAKERS",""
"/img/feature/garment/2015ss/men/slide12.jpg","","ORGANIC COTTON SHORT SLEEVE T-SHIRT",""
"","","JACKET",""
"","","REGULAR PANTS",""
"","","KNITTED BELT ",""
"","","MIXED MATERIAL SNEAKERS",""
"/img/feature/garment/2015ss/men/slide13.jpg","","SHORT SLEEVE SHIRT",""
"","","DENIM SHORT PANTS",""
"","","BEACH SANDALS",""
"/img/feature/garment/2015ss/men/slide14.jpg","","ORGANIC COTTON SHORT SLEEVE T-SHIRT",""
"","","PANTS",""
"","","STAND FALL COLLAR COAT",""
"","","WATER REPELLENT COTTON SNEAKERS",""
"/img/feature/garment/2015ss/men/slide15.jpg","","SHORT SLEEVE POLO SHIRT",""
"","","GINGHAM SHORT PANTS",""
"","","BACKPACK",""
"","","SLIP-ON SNEAKERS",""
"/img/feature/garment/2015ss/kids/slide01.jpg","","LONG SLEEVE T-SHIRT",""
"","","LONG SLEEVE T-SHIRT",""
"","","DENIM SHIRT",""
"","","JEANS",""
"","","SLIPON SHOES",""
"/img/feature/garment/2015ss/kids/slide02.jpg","","CARDIGAN",""
"","","SHORT SLEEVE POLO DRESS",""
"","","BALLET SHOES",""
"/img/feature/garment/2015ss/kids/slide03.jpg","","SHORT SLEEVE POLO SHIRT",""
"","","HALF PANTS",""
"","","BEACH SANDALS",""
"/img/feature/garment/2015ss/kids/slide04.jpg","","LONG SLEEVE T-SHIRT",""
"","","SALOPETTE SKIRT",""
"","","HAND-KNIT HAT",""
"","","COTTON SNEAKERS",""